{"cameraMode":{"drawMode":0,"name":"Shaded","section":"Shading Mode"},"sceneLighting":true,"audioPlay":false,"sceneViewState":{"showFog":true,"showMaterialUpdate":false,"showSkybox":true,"showFlares":true,"showImageEffects":true,"showParticleSystems":true},"in2DMode":false,"pivot":{"x":16.84101104736328,"y":8.831972122192383,"z":2.6436614990234377},"rotation":{"x":-0.15418988466262818,"y":-0.0053377095609903339,"z":0.0008331257267855108,"w":-0.9880267381668091},"size":63.191871643066409,"orthographic":false}